station_id,station_name,latitude,longitude,pickup_count
6140.05,W 21 St & 6 Ave,40.741739689999996,-73.99415556000001,16789
6233.04,Pier 61 at Chelsea Piers,40.746872,-74.00820999999999,16681
5329.03,West St & Chambers St,40.71754834,-74.01322069000001,16329
5788.13,Lafayette St & E 8 St,40.73020660529953,-73.99102628231049,14563
6492.08,9 Ave & W 33 St,40.75256800000001,-73.996765,14468
6948.10,Broadway & W 58 St,40.76695317,-73.98169333000001,14385
6726.01,11 Ave & W 41 St,40.76030096,-73.99884222,14363
6912.01,7 Ave & Central Park South,40.76674055905949,-73.9790689945221,14155
6331.01,W 31 St & 7 Ave,40.74915599999999,-73.9916,13996
5905.12,Broadway & E 14 St,40.73454567000001,-73.99074142000002,13760
6459.07,W 30 St & 10 Ave,40.752694000000005,-74.00235300000001,13394
6197.08,E 33 St & 1 Ave,40.74322681432172,-73.97449783980846,13073
5905.14,University Pl & E 14 St,40.73481400000001,-73.992085,12919
5308.04,Metropolitan Ave & Bedford Ave,40.715348250000005,-73.96024116000001,12881
5492.05,Cleveland Pl & Spring St,40.72210378668603,-73.99724900722504,12795
5980.10,E 17 St & Broadway,40.737005999999994,-73.99013399999998,12778
5374.01,Norfolk St & Broome St,40.7172274,-73.98802083999998,12733
6876.04,Central Park S & 6 Ave,40.76590936,-73.97634150999998,12672
6364.07,6 Ave & W 33 St,40.74901271,-73.98848394999999,12627
6765.01,12 Ave & W 40 St,40.76087502,-74.00277668,12425
6450.05,8 Ave & W 31 St,40.7505853470215,-73.9946848154068,12350
6173.08,Broadway & W 25 St,40.74286877312111,-73.98918628692627,12318
6072.06,Greenwich Ave & 8 Ave,40.7390169121,-74.0026376103,12072
5763.03,Carmine St & 6 Ave,40.73038599000001,-74.00214988,11910
6432.09,Park Ave & E 42 St,40.75187300000001,-73.97770600000001,11762
6602.03,W 41 St & 8 Ave,40.756405480000005,-73.9900262,11689
5779.11,Ave A & E 14 St,40.73031071000895,-73.98047178983688,11682
6289.06,Broadway & W 29 St,40.7462009,-73.98855723000001,11656
6098.10,Broadway & E 21 St,40.73988840858997,-73.98958593606949,11617
6526.05,8 Ave & W 38 St,40.75460999999999,-73.99177,11383
6039.06,Washington St & Gansevoort St,40.739323000000006,-74.00811900000001,11192
6822.09,1 Ave & E 68 St,40.765005249999994,-73.95818491,11189
6257.03,W 24 St & 7 Ave,40.744876340000005,-73.99529885,11160
5297.02,Vesey Pl & River Terrace,40.7153379,-74.01658354,11068
5880.02,W 4 St & 7 Ave S,40.73401143,-74.00293877,11039
6747.07,8 Ave & W 49 St,40.76171227910672,-73.98655101656914,11037
6756.01,W 43 St & 10 Ave,40.760094370000004,-73.99461843000002,10892
5303.08,Canal St & Rutgers St,40.71427487,-73.98990025,10837
5847.01,Christopher St & Greenwich St,40.732915530000014,-74.00711384,10798
6157.04,10 Ave & W 14 St,40.74198159994023,-74.00831580162048,10792
6839.15,Central Park S & Grand Army Plaza,40.764555,-73.97347300000001,10654
5340.01,N 7 St & Driggs Ave,40.716967,-73.95638800000002,10568
6364.10,6 Ave & W 34 St,40.74964,-73.98805,10508
5184.08,West St & Liberty St,40.711444,-74.01484700000002,10508
7100.07,5 Ave & E 72 St,40.77282817,-73.96685276,10451
5276.04,S 2 St & Kent Ave,40.714731,-73.96661200000001,10435
7175.05,Columbus Ave & W 72 St,40.777057499999984,-73.97898475,10425
5679.08,Bleecker St & Crosby St,40.72615604980408,-73.99510189890862,10408
5204.05,S 4 St & Wythe Ave,40.71285886999999,-73.96590293999999,10366
5561.06,Lafayette St & Jersey St,40.72456089,-73.99565293,10270
6072.11,8 Ave & W 16 St,40.740983,-74.00170200000001,10181
6753.08,1 Ave & E 62 St,40.7612274,-73.96094022000001,10091
7079.06,Central Park W & W 68 St,40.773406599999994,-73.97782541999999,10087
5382.06,Grand St & Elizabeth St,40.718821999999996,-73.99596,10061
5388.01,Kent Ave & Grand St,40.716425,-73.96594,9946
4395.07,Hanson Pl & Ashland Pl,40.68506807308177,-73.97790759801863,9706
6611.02,W 37 St & 10 Ave,40.75660359000001,-73.9979009,9631
5379.10,N 6 St & Bedford Ave,40.71745169,-73.95850939000002,9559
6535.04,W 34 St & Hudson Blvd E,40.7551671907214,-74.00059908628464,9514
6122.09,2 Ave & E 29 St,40.74172351097472,-73.97809267044067,9392
7260.09,Amsterdam Ave & W 73 St,40.779668090073116,-73.98093044757842,9371
5593.01,E 1 St & 1 Ave,40.72335597960796,-73.98864984512329,9154
7141.07,Central Park W & W 72 St,40.77579376683665,-73.9762057363987,9089
6306.06,W 22 St & 10 Ave,40.74691959,-74.00451887,9082
6676.02,W 45 St & 8 Ave,40.75929124,-73.98859651,9057
5989.02,W 15 St & 6 Ave,40.738046142482766,-73.99642959237099,9026
6425.04,11 Ave & W 27 St,40.75139600000001,-74.00522599999998,8940
7014.12,Broadway & W 61 St,40.77003010255044,-73.9819684624672,8878
6955.05,W 54 St & 11 Ave,40.768333,-73.992573,8867
5805.07,7 Ave S & Bleecker St,40.732138962873805,-74.00363802909851,8859
5696.03,Pier 40 - Hudson River Park,40.727714077777804,-74.01129573583603,8855
6182.02,W 20 St & 7 Ave,40.74238787,-73.99726235000001,8757
6197.11,2 Ave & E 31 St,40.74299,-73.97711000000001,8755
6389.09,E 39 St & Lexington Ave,40.7494985460252,-73.97729203113157,8700
5687.04,MacDougal St & Prince St,40.72710258,-74.00297088,8700
5382.07,Forsyth St & Grand St,40.717798177378356,-73.99316132068634,8670
5561.04,Mott St & Prince St,40.72317958,-73.99480011999998,8643
6064.08,W 18 St & 6 Ave,40.73971301,-73.99456405,8614
5414.06,Allen St & Rivington St,40.72019576000001,-73.98997825000001,8577
5636.11,Great Jones St,40.72743423,-73.99379025000002,8566
6459.04,10 Ave & W 28 St,40.75066385999999,-74.00176801999999,8552
5489.03,Kent Ave & N 7 St,40.720367752984565,-73.96165072917938,8540
5980.11,Broadway & E 19 St,40.738290000000006,-73.99005999999999,8512
7212.05,E 85 St & 3 Ave,40.778012029999985,-73.95407148999999,8477
6816.07,8 Ave & W 52 St,40.76370739,-73.9851615,8468
6239.08,E 31 St & 3 Ave,40.74394313999999,-73.97966069000002,8442
6266.06,9 Ave & W 22 St,40.745497300000004,-74.00197139000002,8436
6257.06,W 27 St & 7 Ave,40.74665000000001,-73.99392000000002,8404
5659.05,E 10 St & Ave A,40.727407939999985,-73.98142006000002,8366
6708.04,Broadway & W 48 St,40.76017739537783,-73.98486793041229,8358
5820.08,E 13 St & 2 Ave,40.73153937464074,-73.9853024482727,8333
6280.12,E 32 St & Park Ave,40.74571209999999,-73.98194829000002,8311
7059.08,West End Ave & W 60 St,40.772369999999995,-73.99005,8291
6215.07,W 27 St & 6 Ave,40.74526000000001,-73.99062,8284
5730.08,Greenwich St & W Houston St,40.728846,-74.008591,8254
5343.11,Orchard St & Grand St,40.71731840385579,-73.99067759513855,8243
6551.11,E 43 St & Madison Ave,40.75354681867074,-73.97896572947502,8227
6474.11,E 40 St & 5 Ave,40.75206230700001,-73.98163240430002,8192
7183.03,Riverside Blvd & W 67 St,40.777507027547976,-73.98888587951659,8189
5484.09,Allen St & Stanton St,40.722055000000005,-73.989111,8149
7323.09,5 Ave & E 87 St,40.7823226073088,-73.95987510681152,8139
5294.04,Henry St & Grand St,40.71421100000001,-73.98109499999998,8093
6248.08,5 Ave & E 30 St,40.745984899999996,-73.98629486999998,8074
6756.05,W 44 St & 11 Ave,40.762009,-73.99697500000002,8030
5303.06,Clinton St & Grand St,40.71559509,-73.9870295,8017
6717.06,9 Ave & W 45 St,40.76019251999999,-73.9912551,7999
7207.08,W 70 St & Amsterdam Ave,40.77748046,-73.98288593999999,7973
5626.15,1 Ave & E 6 St,40.726330859716946,-73.98616880178452,7912
7116.04,W 67 St & Broadway,40.77492513000001,-73.98266566,7864
5626.07,E 7 St & Ave A,40.72621788,-73.98379855000002,7850
6584.12,E 47 St & Park Ave,40.75510267,-73.97498695999997,7811
3651.04,West Drive & Prospect Park West,40.6610633719006,-73.97945255041122,7791
5445.02,Suffolk St & Stanton St,40.720664419999984,-73.98517977,7786
6450.12,8 Ave & W 33 St,40.75155099999999,-73.99393399999998,7750
5626.13,St Marks Pl & 1 Ave,40.727791260000004,-73.98564945000001,7646
6889.12,E 72 St & York Ave,40.76663814000001,-73.95348295999999,7632
5944.01,Franklin St & Dupont St,40.73564,-73.95866000000001,7608
6115.06,Hudson St & W 13 St,40.74005708567286,-74.0052741765976,7605
5788.15,4 Ave & E 12 St,40.732647,-73.99011000000002,7598
6920.05,W 54 St & 9 Ave,40.76604,-73.98737000000001,7595
6230.04,FDR Drive & E 35 St,40.74421900000001,-73.97121214000002,7579
5712.03,Cooper Square & Astor Pl,40.729514962249496,-73.99075269699097,7575
5470.12,North Moore St & Greenwich St,40.72019521437465,-74.0103006362915,7555
6593.15,6 Ave & W 45 St,40.756950999999994,-73.982631,7540
6644.08,9 Ave & W 39 St,40.7564035232725,-73.99410143494606,7535
5854.09,1 Ave & E 18 St,40.73381219196634,-73.98054420948029,7534
5515.02,E 2 St & Ave B,40.72217444000001,-73.98368779,7444
6824.07,W 47 St & 10 Ave,40.762698820000004,-73.99301221999998,7431
5653.12,Spring St & Hudson St,40.725839967923754,-74.0076532959938,7419
5450.04,N 12 St & Bedford Ave,40.72079820999999,-73.95484712000001,7379
5746.02,E 10 St & 2 Ave,40.729708056449944,-73.9865979552269,7363
5343.10,Allen St & Hester St,40.71606,-73.99191000000002,7335
6925.09,2 Ave & E 72 St,40.76876202930959,-73.95840793848038,7318
5235.05,S 3 St & Bedford Ave,40.71260486,-73.96264403,7273
5419.04,N 5 St & Wythe Ave,40.718389,-73.961501,7252
5453.06,Kenmare St & Elizabeth St,40.720539999999986,-73.9949,7231
6884.03,W 56 St & 8 Ave,40.76595918165798,-73.98313522338867,7203
6098.02,W 20 St & 5 Ave,40.739729892387246,-73.99103969335556,7193
5445.07,Stanton St & Norfolk St,40.720747,-73.986274,7140
7023.04,W 59 St & 10 Ave,40.770512999999994,-73.98803799999999,7134
5610.09,6 Ave & Broome St,40.72431000000001,-74.00473,7112
6779.05,Broadway & W 53 St,40.76344057999999,-73.98268129000002,7081
7020.02,E 77 St & 1 Ave,40.77095553869234,-73.95356208096926,7019
5746.14,E 11 St & 1 Ave,40.72953837000001,-73.98426726000001,7011
5721.07,Thompson St & Bleecker St,40.728400594508294,-73.99968780577183,7000
6986.07,Columbus Ave & W 59 St,40.769310000000004,-73.98464,6996
5134.09,Broadway & Kent Ave,40.71088799999999,-73.968329,6934
7311.02,Amsterdam Ave & W 79 St,40.7829391,-73.9786517,6920
6560.01,Broadway & W 41 St,40.75513557000001,-73.98658031999999,6909
6762.02,E 58 St & 3 Ave,40.76095756,-73.96724467000001,6892
6215.04,W 25 St & 6 Ave,40.743954110000004,-73.99144871,6878
6560.15,Broadway & W 38 St,40.752972821606804,-73.98734897375107,6866
5886.13,E 20 St & FDR Dr,40.733208626522426,-73.9756813647,6855
6339.06,W 25 St & 9 Ave,40.747832605837715,-74.0005722643582,6855
5523.02,Stanton St & Chrystie St,40.72229346000001,-73.99147534999999,6848
5669.10,St Marks Pl & 2 Ave,40.7284186,-73.98713956,6846
6517.08,W 42 St & 6 Ave,40.75492,-73.98455000000001,6840
5779.10,E 14 St & 1 Ave,40.73139303364152,-73.98286700248718,6840
6131.1,E 24 St & Park Ave S,40.74096373999999,-73.98602213,6831
6322.01,E 33 St & 5 Ave,40.74765947,-73.98490706999999,6828
5291.05,Graham Ave & Conselyea St,40.71514299999999,-73.94450700000002,6825
6030.04,W 13 St & 7 Ave,40.73781509000001,-73.99994661,6794
6224.05,W 20 St & 8 Ave,40.74345335000001,-74.00004031000002,6793
6230.02,1 Ave & E 38 St,40.746202,-73.971822,6751
5187.03,Hope St & Union Ave,40.711673510000004,-73.95141312,6737
6464.09,E 44 St & Lexington Ave,40.752643000000006,-73.97499599999999,6719
4157.10,Bergen St & Vanderbilt Ave,40.67943880000001,-73.96804379999999,6719
5216.07,Vesey St & Greenwich St,40.71254669463547,-74.01113051087516,6706
6492.04,W 33 St & 10 Ave,40.753773368360385,-73.99937599897385,6683
5553.10,E 2 St & Ave A,40.72307749068673,-73.98583620786667,6625
5207.01,Centre St & Chambers St,40.71273266,-74.0046073,6590
6022.04,E 16 St & 5 Ave,40.73726186,-73.99238967,6578
5914.08,Greenwich Ave & Charles St,40.735238,-74.000271,6569
6578.01,W 34 St & 11 Ave,40.75594158999999,-74.0021163,6568
6190.08,9 Ave & W 18 St,40.743174490000015,-74.00366442999999,6544
6089.11,E 26 St & 3 Ave,40.74069317733043,-73.98160636425018,6511
5863.07,E 15 St & 3 Ave,40.734232000000006,-73.986923,6500
6233.05,W 16 St & The High Line,40.743349349999995,-74.00681753,6496
5721.01,Sullivan St & Washington Sq,40.73047747,-73.99906065000002,6481
5779.08,1 Ave & E 16 St,40.73221852999998,-73.98165556999999,6474
5545.01,E 7 St & Ave C,40.72412944090094,-73.97901266813278,6473
4010.01,Plaza St East & Flatbush Ave,40.673134,-73.96910599999997,6468
5476.03,E 2 St & Ave C,40.72087359999999,-73.98085795,6458
5666.04,Meserole Ave & Manhattan Ave,40.72708584,-73.95299117000002,6446
6224.03,W 22 St & 8 Ave,40.744751480000005,-73.99915362,6428
5379.09,Berry St & N 8 St,40.71900949999999,-73.95852515000003,6415
6498.10,E 47 St & 2 Ave,40.753230980000005,-73.97032516999998,6400
5636.13,E 1 St & Bowery,40.72486122254819,-73.99213135242462,6383
4199.12,Carlton Ave & Dean St,40.6809741,-73.97100970000001,6380
5703.13,Ave A & E 11 St,40.72854745023944,-73.98175925016403,6373
6131.12,Madison Ave & E 26 St,40.742684734875695,-73.98671329021454,6358
4479.10,Schermerhorn St & Hoyt St,40.688626299999996,-73.98519110000001,6353
7052.01,W 63 St & Broadway,40.77163851000001,-73.98261428,6331
5422.09,Lafayette St & Grand St,40.72028000000001,-73.99879,6324
6890.01,W 53 St & 10 Ave,40.76669670999999,-73.99061727999998,6295
7161.08,5 Ave & E 78 St,40.77632142182271,-73.96427392959595,6294
4895.09,Jay St & York St,40.70140317257725,-73.98672670125961,6287
5216.06,Vesey St & Church St,40.71221958009052,-74.01047229766846,6285
5458.02,N 5 St & Northside Piers,40.71987599999999,-73.96386499999998,6282
5922.04,Greenwich St & Perry St,40.73498000000001,-74.00697,6244
