station_id,station_name,n_test_observations,mean_actual_demand,mae,rmse,r2
6876.04,Central Park S & 6 Ave,150,16.393333367466585,8.950308168678449,14.643002613427047,0.2855891482662387
5329.03,West St & Chambers St,150,20.646666641774434,8.482957691172723,11.865985072230751,0.6276289984327637
6765.01,12 Ave & W 40 St,150,15.24000006023686,8.079914343406209,12.174388369941155,0.2647873482031665
6173.08,Broadway & W 25 St,150,15.139999934244221,7.971786998690377,12.212268158676654,0.5087206898110164
6912.01,7 Ave & Central Park South,150,19.55333329675437,7.880196623080921,12.049618562315453,0.5600475994919117
6233.04,Pier 61 at Chelsea Piers,150,22.260000223190502,7.796848440574555,11.905808994092665,0.6777806429814811
6602.03,W 41 St & 8 Ave,150,15.046666736841571,7.641568612570706,11.174271288316934,0.21240031115503644
6948.10,Broadway & W 58 St,150,18.753333390936724,7.087195576508869,10.208415758439155,0.5272824963197735
7100.07,5 Ave & E 72 St,150,13.326666712105716,6.359462944415603,9.73821977766105,0.4748812335382445
6230.02,1 Ave & E 38 St,150,13.526666673256795,6.317120398857693,8.266598530934086,0.4136338360817057
6140.05,W 21 St & 6 Ave,150,22.979999867740478,6.265995841793566,9.247693780588646,0.7662751249988257
6331.01,W 31 St & 7 Ave,150,18.353333373130713,6.167917835109129,8.099238022627189,0.5889918046452247
6492.08,9 Ave & W 33 St,150,19.693333281343094,6.150124143609036,10.633523882457643,0.7658900239274409
6157.04,10 Ave & W 14 St,150,13.7733333684478,6.129073786937365,9.099583393271649,0.5180730467489708
5184.08,West St & Liberty St,150,14.000000053926767,6.078968120971232,9.201533821555122,0.5534376406103936
5696.03,Pier 40 - Hudson River Park,150,13.653333321894602,6.066157256047447,9.002595505905763,0.4742226995982005
7079.06,Central Park W & W 68 St,150,12.48666653708924,5.889865571314734,9.054423720038608,0.3652460713726915
5905.12,Broadway & E 14 St,150,18.5933333129846,5.854263394741119,8.074941227575327,0.6708629126077038
6450.05,8 Ave & W 31 St,150,16.773333361441587,5.822445442363112,8.022102816151284,0.592906514574564
6459.07,W 30 St & 10 Ave,150,17.80000003392481,5.791388994977836,8.535133782658944,0.7187895312458644
5980.10,E 17 St & Broadway,150,17.606666648950117,5.77987388376533,8.122264526317602,0.6765673959373212
6584.12,E 47 St & Park Ave,150,9.41999987957649,5.725642047417241,10.883791535489689,0.6187871289373288
5492.05,Cleveland Pl & Spring St,150,18.0999999828824,5.6923440719067475,8.376126709085389,0.6987440449064664
6839.15,Central Park S & Grand Army Plaza,150,13.00666671111979,5.6495034520550265,9.035817053449568,0.5618752441447219
5297.02,Vesey Pl & River Terrace,150,15.02666658916775,5.5205135258959235,8.496999346169597,0.7280018422410542
5308.04,Metropolitan Ave & Bedford Ave,150,18.493333313785534,5.460710421742086,7.817712497971344,0.7180229689456591
5659.05,E 10 St & Ave A,150,11.706666673802374,5.454601209163235,7.837162419561172,0.383036929460144
6197.08,E 33 St & 1 Ave,150,15.873333320542795,5.44758573232869,7.605700803579739,0.6649623956266825
6756.01,W 43 St & 10 Ave,150,14.560000004544541,5.364381012024748,8.032833137810277,0.6085031259882879
5470.12,North Moore St & Greenwich St,150,10.706666690343415,5.35142467153067,9.32790245322181,0.6241056014629776
5847.01,Christopher St & Greenwich St,150,13.733333362840089,5.250180561392969,7.3387267722874645,0.5184276588913184
5489.03,Kent Ave & N 7 St,150,12.253333306194452,5.21667253811399,7.352837631374935,0.5363373394647317
6364.07,6 Ave & W 33 St,150,17.52000003497511,5.197543168439822,7.277802229837001,0.6335931622324364
6432.09,Park Ave & E 42 St,150,15.973333342947269,5.1888553296983595,8.391755671698496,0.7516863896135101
6230.04,FDR Drive & E 35 St,150,10.499999987712538,5.177075451966756,8.024094547085966,0.5354426971390505
5905.14,University Pl & E 14 St,150,19.72666661129192,5.130826856532648,7.424295056847436,0.7441016284998139
7141.07,Central Park W & W 72 St,150,11.880000080802063,5.108059736409475,7.340882985185756,0.5139873690680969
6039.06,Washington St & Gansevoort St,150,15.213333441956845,5.0891215117995126,7.270131389100828,0.6138446891074687
6726.01,11 Ave & W 41 St,150,19.38000005004139,5.078155960533021,6.916450878957766,0.7741346258232655
5788.13,Lafayette St & E 8 St,150,19.826666644950826,5.063681714796533,7.534906868815047,0.7856987467464243
5730.08,Greenwich St & W Houston St,150,10.86000015098202,5.012921186864692,7.6599686706760135,0.41558879115071157
6676.02,W 45 St & 8 Ave,150,12.539999965836172,5.008927896099978,6.7902799298141865,0.42932280195927464
5561.06,Lafayette St & Jersey St,150,14.919999901369529,4.956870248405438,7.118017152159077,0.7316319644636736
5204.05,S 4 St & Wythe Ave,150,14.760000044854756,4.937267840383644,6.628507068640439,0.6245410576626045
4010.01,Plaza St East & Flatbush Ave,150,8.926666574618668,4.928925072868173,8.042620857404543,0.3252828938564989
6098.10,Broadway & E 21 St,150,16.42666662617448,4.927859271739104,7.381230163155869,0.7503296272731597
5276.04,S 2 St & Kent Ave,150,14.179999959281206,4.922869776807164,6.654672967980644,0.7028158947008825
5340.01,N 7 St & Driggs Ave,150,14.820000024172607,4.903616360507145,7.063773008451173,0.6779202845651895
7161.08,5 Ave & E 78 St,150,8.559999933226749,4.890303362015727,7.522441726059714,0.44554891378574224
7323.09,5 Ave & E 87 St,150,10.560000005047568,4.881392997093487,7.8822664182503495,0.4697274650942477
6526.05,8 Ave & W 38 St,150,15.219999918661658,4.801011143990607,6.639877519093668,0.6719602530870705
7175.05,Columbus Ave & W 72 St,150,14.033333408802177,4.800611103061999,7.405026349006402,0.594796303699116
5374.01,Norfolk St & Broome St,150,17.633333352388284,4.798678687070267,6.490959855625537,0.7223839125456855
5484.09,Allen St & Stanton St,150,11.460000014576345,4.796904598541217,6.677376725357675,0.36900273462453725
5679.08,Bleecker St & Crosby St,150,15.200000012019837,4.699197771528719,6.621556903463094,0.679307958225366
6708.04,Broadway & W 48 St,150,11.426666736451512,4.691958543510499,7.960158105092913,0.5968638496004312
5388.01,Kent Ave & Grand St,150,14.106666654538852,4.66773487156977,6.93812160931276,0.653791326598057
6747.07,8 Ave & W 49 St,150,15.300000036277511,4.665774324161064,6.548349404439663,0.7278844181890167
6779.05,Broadway & W 53 St,150,10.813333442218667,4.583047922513618,8.421661693257853,0.541886858435698
6257.03,W 24 St & 7 Ave,150,15.533333412392045,4.563925512471598,6.3361340484462225,0.7257912735915468
7183.03,Riverside Blvd & W 67 St,150,10.73333337206267,4.55217350295831,6.636839781037711,0.5787154276566732
6425.04,11 Ave & W 27 St,150,12.00000002546945,4.546493363417553,6.475677435531498,0.5730853925047278
5763.03,Carmine St & 6 Ave,150,17.30666669741097,4.540611943114197,6.404706146022541,0.6960245275589287
6756.05,W 44 St & 11 Ave,150,11.51333336817376,4.477153766478748,6.4887696495609894,0.5904658642157193
6289.06,Broadway & W 29 St,150,16.24666663004854,4.4699933382047154,6.613542849956019,0.7554832521540105
5561.04,Mott St & Prince St,150,12.520000002355248,4.43719866207615,6.283068759329755,0.5288186787250102
6551.11,E 43 St & Madison Ave,150,10.813333276898247,4.430796943196529,7.375786675423446,0.7013795094390995
6822.09,1 Ave & E 68 St,150,14.886666650543315,4.413031637517674,6.9268309891171125,0.7782154025620046
6535.04,W 34 St & Hudson Blvd E,150,12.213333423063302,4.373061130931989,6.5934692549789915,0.6806395884404617
5303.08,Canal St & Rutgers St,150,14.293333315331987,4.3048162984717795,5.951086877987591,0.639135813537677
5805.07,7 Ave S & Bleecker St,150,10.973333327458368,4.299418654197022,5.776110255357543,0.39645660723878506
5343.11,Orchard St & Grand St,150,12.153333385558163,4.287265701013975,5.97402399463111,0.6037927048242033
5379.10,N 6 St & Bedford Ave,150,13.919999987234599,4.258230398088722,6.338885657165201,0.6714522979661217
6474.11,E 40 St & 5 Ave,150,10.880000032491935,4.2462584018618115,7.632312967991517,0.6805395916380093
5980.11,Broadway & E 19 St,150,12.140000122725883,4.24335261553468,6.38602027911382,0.7243275533545535
6889.12,E 72 St & York Ave,150,10.206666582100437,4.227258220166977,6.0833497877717475,0.5890710829807524
5593.01,E 1 St & 1 Ave,150,12.633333278384079,4.225799177690678,5.85750052149253,0.5975749545827186
6611.02,W 37 St & 10 Ave,150,13.286666693385868,4.223205179500419,5.949706434180789,0.6738956207489633
6215.04,W 25 St & 6 Ave,150,9.966666742789991,4.221305289493147,6.510887950782979,0.508780898064982
6072.11,8 Ave & W 16 St,150,14.159999999162256,4.213380030579144,6.202548119859686,0.7214915135063127
7014.12,Broadway & W 61 St,150,11.61999993957363,4.210613317466754,6.3114496372778275,0.5784821035336492
6072.06,Greenwich Ave & 8 Ave,150,17.173333335341596,4.20553519115449,5.659267023952016,0.7794008954091419
5779.11,Ave A & E 14 St,150,16.06666664291396,4.1872390257753205,5.751321381133178,0.7199547678674367
6182.02,W 20 St & 7 Ave,150,12.753333428955209,4.179691407160285,5.747817535921009,0.6237161234024402
6955.05,W 54 St & 11 Ave,150,11.88666665955712,4.177474950060947,6.063691415831612,0.6930013621844058
4895.09,Jay St & York St,150,10.286666761078662,4.159974602108517,6.639741894344415,0.5474526942844307
6364.10,6 Ave & W 34 St,150,14.420000044659437,4.158628361669995,5.736482496372389,0.7019369669874931
5626.07,E 7 St & Ave A,150,11.626666687742452,4.150312900375938,5.623443347753709,0.5716995707020956
5687.04,MacDougal St & Prince St,150,12.259999923705674,4.12407844089447,5.909149053332602,0.6658104263472375
5880.02,W 4 St & 7 Ave S,150,15.699999962437198,4.104022293119924,5.628159263508081,0.6956457359244241
5216.07,Vesey St & Greenwich St,150,8.719999941020282,4.097546261367747,6.981911872703566,0.6861538052987244
6753.08,1 Ave & E 62 St,150,14.279999954904621,4.082052925086362,5.839992680927106,0.7108434441235607
4395.07,Hanson Pl & Ashland Pl,150,13.093333316383147,4.081380971857225,5.380613953810354,0.6816400096579267
5382.06,Grand St & Elizabeth St,150,14.166666628160998,4.066196437439379,5.664075715987059,0.7140805245204216
6280.12,E 32 St & Park Ave,150,11.519999995128789,4.059143932231064,5.768049218087031,0.6511425889458382
5989.02,W 15 St & 6 Ave,150,12.360000005447022,4.055303971756481,5.4718127778767665,0.6727206664502453
5343.10,Allen St & Hester St,150,9.986666608969665,4.033918990578674,5.397355856685619,0.4565010052025451
6450.12,8 Ave & W 33 St,150,10.686666681902521,4.028115754284471,5.77873837071999,0.5666994754996879
5626.13,St Marks Pl & 1 Ave,150,9.786666715065564,4.023570015586179,5.464539686795132,0.44241474030881256
5626.15,1 Ave & E 6 St,150,11.413333205338898,4.01099640068434,5.498514585322358,0.47682808650664377
6122.09,2 Ave & E 29 St,150,13.39333335836178,4.00002247756526,5.534624209714223,0.7096999145061245
5553.10,E 2 St & Ave A,150,9.546666728940242,3.9940416865001285,5.536913393657942,0.47451487480817967
5419.04,N 5 St & Wythe Ave,150,10.219999969324924,3.9909743453886746,5.792988483177431,0.5701179206658575
6306.06,W 22 St & 10 Ave,150,12.659999979029875,3.9906678444496158,5.179291468702459,0.6914687988264362
5382.07,Forsyth St & Grand St,150,11.579999955667306,3.983969609781317,5.738091636926967,0.620337539279963
6816.07,8 Ave & W 52 St,150,11.813333317752452,3.978643976014508,5.582892121428495,0.6341925071994745
5414.06,Allen St & Rivington St,150,11.933333311351552,3.9783989646249105,5.348502025404104,0.6088211624839881
6064.08,W 18 St & 6 Ave,150,11.673333324913129,3.9779742103596574,6.7117972184260575,0.7169270134827364
5703.13,Ave A & E 11 St,150,10.086666643133395,3.97652823710869,5.467951338257869,0.4503868424854488
6248.08,5 Ave & E 30 St,150,11.599999939644926,3.972483715243941,5.737496377639051,0.6652772686120433
7260.09,Amsterdam Ave & W 73 St,150,12.77333338757533,3.9651529537074035,5.793050734163416,0.6016934026205816
6593.15,6 Ave & W 45 St,150,9.493333358078798,3.964085791163325,5.91094246808834,0.6219649626990301
6215.07,W 27 St & 6 Ave,150,11.92000003169035,3.9571252643575567,6.334324453608565,0.694815780014006
5944.01,Franklin St & Dupont St,150,10.18000001345226,3.949920386221483,5.5159457978880395,0.6444531820477071
5450.04,N 12 St & Bedford Ave,150,10.726666640889391,3.9493215555230865,5.601471355473641,0.5373016298282894
5669.10,St Marks Pl & 2 Ave,150,9.566666642784297,3.931831036985943,5.25182789864076,0.399600281744398
6115.06,Hudson St & W 13 St,150,9.519999998034178,3.930066896596927,5.114759575665637,0.590787906268379
5545.01,E 7 St & Ave C,150,11.153333350321715,3.929072607115849,5.26734368999229,0.4742277316473583
5820.08,E 13 St & 2 Ave,150,11.580000010171721,3.8719917103726393,5.2918336429674655,0.5380250777381651
5303.06,Clinton St & Grand St,150,11.6466667059319,3.853837237890059,5.492697506113859,0.5912062143772319
7116.04,W 67 St & Broadway,150,11.553333349966284,3.8414912230165026,5.296161294753791,0.60959728431432
6266.06,9 Ave & W 22 St,150,11.666666676472603,3.833809208646156,5.0307270917907445,0.6505462769902285
6578.01,W 34 St & 11 Ave,150,7.553333337849136,3.825424846240699,6.624580849844916,0.6076803131244037
6644.08,9 Ave & W 39 St,150,10.793333373763693,3.815451722406661,5.15296315910376,0.5373280852703615
6459.04,10 Ave & W 28 St,150,12.439999985950202,3.811321120392769,5.114373764499987,0.6445105566439301
5207.01,Centre St & Chambers St,150,8.986666606361206,3.802013872804427,5.82506555514041,0.5063315791070466
6920.05,W 54 St & 9 Ave,150,10.03333328600295,3.79488364494613,5.350696707725484,0.507785076409966
3651.04,West Drive & Prospect Park West,150,10.419999996424394,3.7777623750245173,5.139385011001183,0.6256105117646735
5721.07,Thompson St & Bleecker St,150,9.646666628085027,3.7576147989910336,5.049008874285982,0.50250616287806
7023.04,W 59 St & 10 Ave,150,9.28666669881928,3.754588494878209,5.489048350673511,0.5705854587279194
5610.09,6 Ave & Broome St,150,10.306666648105411,3.747940006046665,5.218656750352678,0.7103114671343105
6239.08,E 31 St & 3 Ave,150,12.293333365815068,3.745573970945619,5.22656518565322,0.6343790988743615
6560.01,Broadway & W 41 St,150,9.479999930233975,3.725985509175636,5.894641922746545,0.6422143708632171
5712.03,Cooper Square & Astor Pl,150,11.093333359095704,3.7254031169531268,5.134644066016169,0.6988671389995857
6098.02,W 20 St & 5 Ave,150,10.253333384222811,3.7214825858870775,5.887705028980649,0.6850609901380135
6517.08,W 42 St & 6 Ave,150,9.313333335189824,3.711337201841387,5.761480547866718,0.6336204242889212
7311.02,Amsterdam Ave & W 79 St,150,9.620000076194305,3.7043201929909864,5.023029126500546,0.5334157727919662
7052.01,W 63 St & Broadway,150,8.793333263709638,3.7021330911260946,5.3517367394290805,0.4957906495922918
5515.02,E 2 St & Ave B,150,10.513333452090258,3.699972830641579,5.438186800023452,0.6010529327577205
5746.14,E 11 St & 1 Ave,150,10.133333310405773,3.685012613913268,5.253085704884792,0.5524827266889326
5216.06,Vesey St & Church St,150,8.073333282957796,3.677895275359659,5.51629474451144,0.5153607528385229
6197.11,2 Ave & E 31 St,150,11.733333333608147,3.669972725213281,5.17006304408921,0.7057369047967511
7059.08,West End Ave & W 60 St,150,11.319999999026198,3.6627702894864984,5.075295864078863,0.6037394282557433
6131.12,Madison Ave & E 26 St,150,8.87333334674128,3.657448298887086,5.929114813336734,0.6411496179021512
5445.07,Stanton St & Norfolk St,150,9.940000011925955,3.6394682024416967,4.845456771745744,0.505123653957503
6389.09,E 39 St & Lexington Ave,150,11.866666692270703,3.6337021094021598,5.076142134454209,0.7209192107273061
5636.13,E 1 St & Bowery,150,9.733333374039415,3.626032473790844,4.911617193723096,0.5228222928168618
5886.13,E 20 St & FDR Dr,150,9.106666642149644,3.6144130245136057,4.8652779226917415,0.610602636972809
6498.10,E 47 St & 2 Ave,150,8.739999933251347,3.5972085788460375,5.647326252632248,0.6622261282170887
5523.02,Stanton St & Chrystie St,150,9.953333411514455,3.596910983434145,4.903691958654798,0.5430028548555295
5854.09,1 Ave & E 18 St,150,10.433333313459947,3.5908180777433207,4.961516353315002,0.6160382016095471
5721.01,Sullivan St & Washington Sq,150,10.006666646682746,3.5759558091067007,4.8661287683593075,0.5511330209729807
5453.06,Kenmare St & Elizabeth St,150,10.619999972484791,3.5493368623082855,5.003004139017196,0.5519327879378586
5653.12,Spring St & Hudson St,150,9.786666677317806,3.5477623977300965,4.859248634684804,0.7116037256111156
7207.08,W 70 St & Amsterdam Ave,150,10.72000006255269,3.5437845408191744,4.889814590012474,0.623824969225734
4157.10,Bergen St & Vanderbilt Ave,150,9.386666766817259,3.5352364336011486,4.850301726015289,0.6134743708010164
7212.05,E 85 St & 3 Ave,150,11.346666684681434,3.5329882393407606,4.940183420314357,0.6709670512748502
5922.04,Greenwich St & Perry St,150,8.579999937799764,3.5236741738148263,4.999104628133624,0.5307456648111477
6022.04,E 16 St & 5 Ave,150,9.439999964045022,3.5035491758900337,5.145632975944089,0.6837611723411585
5235.05,S 3 St & Bedford Ave,150,10.333333311729778,3.4914545087269144,4.701830132892297,0.5685182693658629
5476.03,E 2 St & Ave C,150,8.68666667658205,3.4853277435861143,5.092611710923161,0.528932498671768
5294.04,Henry St & Grand St,150,10.779999923340545,3.4566558954197832,4.8613848557750785,0.6284008368582898
5779.08,1 Ave & E 16 St,150,8.706666674359008,3.4523173814931725,4.683749734796502,0.5120004211129954
5445.02,Suffolk St & Stanton St,150,10.966666705555097,3.44552629839129,4.55880529590268,0.6142222279426549
5458.02,N 5 St & Northside Piers,150,9.240000006830833,3.4197888099321974,4.692747283564999,0.6187066305404454
6224.05,W 20 St & 8 Ave,150,10.006666695705158,3.384923270795465,4.927020376224922,0.5817925516859674
5187.03,Hope St & Union Ave,150,9.513333343757735,3.381369809494986,4.588322472176787,0.5324027609162962
6492.04,W 33 St & 10 Ave,150,8.453333296096229,3.364107253071861,4.828097108760486,0.7055060068463652
5422.09,Lafayette St & Grand St,150,8.45999996426795,3.3573966490500347,5.050928076527543,0.6632321127191168
6131.10,E 24 St & Park Ave S,150,9.306666745088094,3.347134847602548,5.604547694146769,0.7505733267866574
5636.11,Great Jones St,150,12.219999977482257,3.3424769480252716,4.713213522267483,0.733293852442712
6339.06,W 25 St & 9 Ave,150,9.433333321498303,3.3351127045023454,4.6495791811610845,0.6146343217798667
6322.01,E 33 St & 5 Ave,150,9.173333356264651,3.3198151344565927,4.7627312401741735,0.7025098758999209
5788.15,4 Ave & E 12 St,150,11.100000082650258,3.3031756622504562,4.543761979524224,0.7054951293596402
5746.02,E 10 St & 2 Ave,150,10.113333393774301,3.3030228705272338,4.292166413619591,0.6407932407099594
7020.02,E 77 St & 1 Ave,150,9.32666664596242,3.3011248897064807,4.485201240728254,0.6594564026195257
6560.15,Broadway & W 38 St,150,8.806666646859428,3.2751314219634553,5.00430749709738,0.700283558244313
5779.10,E 14 St & 1 Ave,150,10.126666603801414,3.2740385974720416,4.382822980375883,0.583170820805216
6925.09,2 Ave & E 72 St,150,9.84666662249585,3.270319376969616,4.505446680988083,0.6682971521939848
6224.03,W 22 St & 8 Ave,150,9.43333337659864,3.267789223121183,4.5562405137038,0.5865133343987449
6717.06,9 Ave & W 45 St,150,10.73333327968441,3.2445507256511132,4.51460970899263,0.6246617482043808
4479.10,Schermerhorn St & Hoyt St,150,8.64000001166918,3.241145137212729,4.9351808767618826,0.5185645818649829
6986.07,Columbus Ave & W 59 St,150,9.319999998545494,3.2375610879316135,4.471866433531794,0.6176193687232086
6762.02,E 58 St & 3 Ave,150,9.006666600133043,3.199069124286938,4.976581518796505,0.6538107556311868
4199.12,Carlton Ave & Dean St,150,9.326666695150251,3.184659630990462,4.516239110385208,0.6332016658001607
6089.11,E 26 St & 3 Ave,150,9.526666730037341,3.17707433698319,4.444137260442519,0.560933651983339
6030.04,W 13 St & 7 Ave,150,9.966666654653475,3.1721571519062226,4.51430211355415,0.5979342958374637
5134.09,Broadway & Kent Ave,150,8.973333294288103,3.1643142070223265,4.485850785963321,0.6206046939562342
6884.03,W 56 St & 8 Ave,150,9.97333332258939,3.152502965203274,4.385822065928852,0.6819500430029437
6233.05,W 16 St & The High Line,150,8.946666637307668,3.142443764141593,4.672958504882831,0.6478573083476404
5914.08,Greenwich Ave & Charles St,150,8.746666633191017,3.0670849372200837,4.216274832923336,0.4972929210344893
6257.06,W 27 St & 7 Ave,150,11.420000008076164,3.052396047862872,4.3437712460219835,0.793601159242469
5379.09,Berry St & N 8 St,150,8.580000025250898,3.0444817379770797,4.157683666730519,0.7122314435116877
5666.04,Meserole Ave & Manhattan Ave,150,9.059999962261836,3.0355303131432927,4.253447382589065,0.5798112558392259
5863.07,E 15 St & 3 Ave,150,9.086666718765445,3.0038375289465935,4.049233476123424,0.6246197650611659
6824.07,W 47 St & 10 Ave,150,9.81333335542865,2.9849476862652984,4.048168631927194,0.6156000772211367
6464.09,E 44 St & Lexington Ave,150,9.253333316796365,2.9351205133576728,4.826051894496177,0.7108022672101489
5291.05,Graham Ave & Conselyea St,150,9.21333337529292,2.8077572089471374,3.87424152755271,0.6615957504005838
6190.08,9 Ave & W 18 St,150,8.726666628841931,2.725943746036584,4.0386537054829335,0.6278239376077093
6890.01,W 53 St & 10 Ave,150,7.560000007929069,2.6457672889850845,3.416343078032432,0.6258335124279983
